{"mean":{"confidence_interval":{"confidence_level":0.95,"lower_bound":0.005236626047879056,"upper_bound":0.024934966494415078},"point_estimate":0.014637034837668095,"standard_error":0.004943542504318231},"median":{"confidence_interval":{"confidence_level":0.95,"lower_bound":-0.0010242637863817627,"upper_bound":0.013637977874355861},"point_estimate":0.008121147867416578,"standard_error":0.0036145641029398067}}