{"mean":{"confidence_interval":{"confidence_level":0.95,"lower_bound":51124134.36673749,"upper_bound":51513888.44546248},"point_estimate":51310421.349499986,"standard_error":99835.57562040011},"median":{"confidence_interval":{"confidence_level":0.95,"lower_bound":50866024.55,"upper_bound":51204049.7},"point_estimate":51000418.925,"standard_error":89449.24728923483},"median_abs_dev":{"confidence_interval":{"confidence_level":0.95,"lower_bound":551132.4850304457,"upper_bound":905180.4722048342},"point_estimate":744086.3110998184,"standard_error":85665.43231768691},"slope":null,"std_dev":{"confidence_interval":{"confidence_level":0.95,"lower_bound":752815.4937322832,"upper_bound":1233126.3107143275},"point_estimate":1002777.6957168246,"standard_error":122854.71312051063}}