{"mean":{"confidence_interval":{"confidence_level":0.95,"lower_bound":15197170.397238633,"upper_bound":16372031.690522738},"point_estimate":15658307.911818182,"standard_error":312090.86976636876},"median":{"confidence_interval":{"confidence_level":0.95,"lower_bound":14849148.469696969,"upper_bound":15193924.742424242},"point_estimate":15071933.59090909,"standard_error":96559.74290378814},"median_abs_dev":{"confidence_interval":{"confidence_level":0.95,"lower_bound":407169.6879985634,"upper_bound":787242.1883054754},"point_estimate":628389.1152120436,"standard_error":105445.9228683684},"slope":null,"std_dev":{"confidence_interval":{"confidence_level":0.95,"lower_bound":814499.3794426181,"upper_bound":5135066.472693908},"point_estimate":3126493.5549582047,"standard_error":1370615.9750037363}}