{"mean":{"confidence_interval":{"confidence_level":0.95,"lower_bound":66462340.51811668,"upper_bound":67363943.16600004},"point_estimate":66872034.686,"standard_error":230628.3457102449},"median":{"confidence_interval":{"confidence_level":0.95,"lower_bound":66169913.86666667,"upper_bound":66481258.2},"point_estimate":66267530.16666667,"standard_error":88821.37561602349},"median_abs_dev":{"confidence_interval":{"confidence_level":0.95,"lower_bound":696086.5192019888,"upper_bound":1306892.3670175227},"point_estimate":965421.2643003479,"standard_error":149422.54652976725},"slope":null,"std_dev":{"confidence_interval":{"confidence_level":0.95,"lower_bound":1269205.659738448,"upper_bound":3234203.8659225395},"point_estimate":2312857.806679529,"standard_error":504185.6439357881}}