{"mean":{"confidence_interval":{"confidence_level":0.95,"lower_bound":352071921.76591676,"upper_bound":354519809.8266667},"point_estimate":353278420.43999994,"standard_error":624016.4380139677},"median":{"confidence_interval":{"confidence_level":0.95,"lower_bound":350598026.6666667,"upper_bound":353862641.6666667},"point_estimate":351915721.8333333,"standard_error":789581.3838094417},"median_abs_dev":{"confidence_interval":{"confidence_level":0.95,"lower_bound":4510874.171716063,"upper_bound":8367126.889951258},"point_estimate":6330723.385307149,"standard_error":963306.8828144014},"slope":null,"std_dev":{"confidence_interval":{"confidence_level":0.95,"lower_bound":5517315.276033397,"upper_bound":6963996.570782593},"point_estimate":6290694.995351899,"standard_error":370156.4551444899}}