{"mean":{"confidence_interval":{"confidence_level":0.95,"lower_bound":129205043.25203125,"upper_bound":133942849.47278126},"point_estimate":131291472.13,"standard_error":1217997.6453208607},"median":{"confidence_interval":{"confidence_level":0.95,"lower_bound":127097431.625,"upper_bound":129644316.9375},"point_estimate":128499495.0625,"standard_error":694695.417823726},"median_abs_dev":{"confidence_interval":{"confidence_level":0.95,"lower_bound":3640218.819773197,"upper_bound":6413908.085342869},"point_estimate":5221629.541235045,"standard_error":725872.0157443456},"slope":null,"std_dev":{"confidence_interval":{"confidence_level":0.95,"lower_bound":6136724.36360186,"upper_bound":18176293.61570296},"point_estimate":12218527.022119028,"standard_error":3419509.360323878}}