{"mean":{"confidence_interval":{"confidence_level":0.95,"lower_bound":143505492.07453573,"upper_bound":144818481.94260713},"point_estimate":144082797.65857145,"standard_error":336113.0269334898},"median":{"confidence_interval":{"confidence_level":0.95,"lower_bound":142987011.71428573,"upper_bound":143628176.0},"point_estimate":143211493.78571427,"standard_error":187373.70042730973},"median_abs_dev":{"confidence_interval":{"confidence_level":0.95,"lower_bound":1009877.6316710755,"upper_bound":1990248.982266011},"point_estimate":1442889.3805836085,"standard_error":234445.97067478657},"slope":null,"std_dev":{"confidence_interval":{"confidence_level":0.95,"lower_bound":1797971.1021642743,"upper_bound":5060578.070620245},"point_estimate":3381913.81901547,"standard_error":996022.3747628465}}