{"mean":{"confidence_interval":{"confidence_level":0.95,"lower_bound":-0.74448790379307,"upper_bound":-0.7408703709564726},"point_estimate":-0.7427729802241725,"standard_error":0.0009158730874970688},"median":{"confidence_interval":{"confidence_level":0.95,"lower_bound":-0.7434822838294619,"upper_bound":-0.7413984408369534},"point_estimate":-0.7426496815460242,"standard_error":0.000542018314062585}}