{"mean":{"confidence_interval":{"confidence_level":0.95,"lower_bound":-0.22062945229470468,"upper_bound":-0.21053083179469773},"point_estimate":-0.21553949143221474,"standard_error":0.002576861332911788},"median":{"confidence_interval":{"confidence_level":0.95,"lower_bound":-0.22099998308640456,"upper_bound":-0.20810878320206572},"point_estimate":-0.2174289682314754,"standard_error":0.0030644771000201475}}