{"mean":{"confidence_interval":{"confidence_level":0.95,"lower_bound":-0.6188760293946555,"upper_bound":-0.6061289182488834},"point_estimate":-0.6133138389721186,"standard_error":0.0032588229208756108},"median":{"confidence_interval":{"confidence_level":0.95,"lower_bound":-0.6188893170250293,"upper_bound":-0.6154494068343094},"point_estimate":-0.6173286957280921,"standard_error":0.0008762829542371072}}