{"mean":{"confidence_interval":{"confidence_level":0.95,"lower_bound":-0.6832261399279164,"upper_bound":-0.6796863877684226},"point_estimate":-0.6814648862897796,"standard_error":0.000909913955111913},"median":{"confidence_interval":{"confidence_level":0.95,"lower_bound":-0.6836638073587235,"upper_bound":-0.6809625203415206},"point_estimate":-0.6822122221477075,"standard_error":0.0006809948748218954}}