{"mean":{"confidence_interval":{"confidence_level":0.95,"lower_bound":-0.22567568174629235,"upper_bound":-0.21291855796840203},"point_estimate":-0.21925041201250295,"standard_error":0.0032632191494787483},"median":{"confidence_interval":{"confidence_level":0.95,"lower_bound":-0.22738622156584865,"upper_bound":-0.21382157108764077},"point_estimate":-0.22154505119608336,"standard_error":0.003450233674734583}}