{"mean":{"confidence_interval":{"confidence_level":0.95,"lower_bound":-0.204733753786787,"upper_bound":-0.1897073803181159},"point_estimate":-0.19735762251717492,"standard_error":0.0038196859586898716},"median":{"confidence_interval":{"confidence_level":0.95,"lower_bound":-0.20972241076303255,"upper_bound":-0.1897195044933151},"point_estimate":-0.19900854701807558,"standard_error":0.005036676767519272}}