{"mean":{"confidence_interval":{"confidence_level":0.95,"lower_bound":-0.621137138884014,"upper_bound":-0.6154929760585117},"point_estimate":-0.6183477413380134,"standard_error":0.0014362640160767407},"median":{"confidence_interval":{"confidence_level":0.95,"lower_bound":-0.6213845805866369,"upper_bound":-0.6180026131452233},"point_estimate":-0.6195463586874088,"standard_error":0.0008887355674957141}}