{"mean":{"confidence_interval":{"confidence_level":0.95,"lower_bound":-0.020411160242948805,"upper_bound":-0.009198420188335417},"point_estimate":-0.014767335158400785,"standard_error":0.0028553201913557105},"median":{"confidence_interval":{"confidence_level":0.95,"lower_bound":-0.025984836421279245,"upper_bound":-0.009997906327534218},"point_estimate":-0.017592103305341777,"standard_error":0.003794237302442949}}