{"mean":{"confidence_interval":{"confidence_level":0.95,"lower_bound":210708700.83449998,"upper_bound":215528106.53065008},"point_estimate":212825483.15999997,"standard_error":1238682.0494515921},"median":{"confidence_interval":{"confidence_level":0.95,"lower_bound":208576021.4,"upper_bound":210027826.5},"point_estimate":209352057.3,"standard_error":356799.9235055995},"median_abs_dev":{"confidence_interval":{"confidence_level":0.95,"lower_bound":2038270.586033468,"upper_bound":4002324.737804479},"point_estimate":3166757.634658831,"standard_error":522838.774180998},"slope":null,"std_dev":{"confidence_interval":{"confidence_level":0.95,"lower_bound":4907545.70004216,"upper_bound":18159387.513894245},"point_estimate":12446641.801479956,"standard_error":3352054.7815712034}}