{"mean":{"confidence_interval":{"confidence_level":0.95,"lower_bound":-0.036566214109899554,"upper_bound":0.00039979593270573913},"point_estimate":-0.018341531215876228,"standard_error":0.00933684602857675},"median":{"confidence_interval":{"confidence_level":0.95,"lower_bound":-0.03915168767692967,"upper_bound":-0.024973371031578928},"point_estimate":-0.03319446459456632,"standard_error":0.003637868224548337}}