{"mean":{"confidence_interval":{"confidence_level":0.95,"lower_bound":233702552.99854988,"upper_bound":236452041.31544992},"point_estimate":234885241.85599992,"standard_error":707632.4474811909},"median":{"confidence_interval":{"confidence_level":0.95,"lower_bound":232405047.2,"upper_bound":233623482.4},"point_estimate":233101084.10000002,"standard_error":328117.9468721147},"median_abs_dev":{"confidence_interval":{"confidence_level":0.95,"lower_bound":1983188.1422513735,"upper_bound":3752958.538711676},"point_estimate":2755764.316835439,"standard_error":411059.8632945544},"slope":null,"std_dev":{"confidence_interval":{"confidence_level":0.95,"lower_bound":3479833.858404197,"upper_bound":10917296.488100335},"point_estimate":7124430.162260068,"standard_error":2316089.277613272}}