{"mean":{"confidence_interval":{"confidence_level":0.95,"lower_bound":-0.6514794813834361,"upper_bound":-0.6386179323159709},"point_estimate":-0.6456317259038108,"standard_error":0.003265123870335643},"median":{"confidence_interval":{"confidence_level":0.95,"lower_bound":-0.658910954935606,"upper_bound":-0.6491260825100955},"point_estimate":-0.6538304633846861,"standard_error":0.0028583126652442547}}