{"mean":{"confidence_interval":{"confidence_level":0.95,"lower_bound":20614788.5048883,"upper_bound":20773075.86853191},"point_estimate":20692021.33851064,"standard_error":40523.708249377574},"median":{"confidence_interval":{"confidence_level":0.95,"lower_bound":20484684.85106383,"upper_bound":20650551.0},"point_estimate":20542683.0,"standard_error":45856.43911700668},"median_abs_dev":{"confidence_interval":{"confidence_level":0.95,"lower_bound":218363.1283445546,"upper_bound":418955.7992094923},"point_estimate":310521.66888713837,"standard_error":52702.227694455076},"slope":null,"std_dev":{"confidence_interval":{"confidence_level":0.95,"lower_bound":345112.3135631468,"upper_bound":455026.19222093985},"point_estimate":405673.72965193493,"standard_error":28036.775600657627}}