{"mean":{"confidence_interval":{"confidence_level":0.95,"lower_bound":-0.6758683914718381,"upper_bound":-0.6706610854007122},"point_estimate":-0.6734663269721702,"standard_error":0.001301350422899137},"median":{"confidence_interval":{"confidence_level":0.95,"lower_bound":-0.6772755596645299,"upper_bound":-0.6735280489474565},"point_estimate":-0.6749995979807222,"standard_error":0.001028869098798372}}