{"mean":{"confidence_interval":{"confidence_level":0.95,"lower_bound":-0.6836633834526088,"upper_bound":-0.6790420850879065},"point_estimate":-0.6816307818384117,"standard_error":0.0011750885018875416},"median":{"confidence_interval":{"confidence_level":0.95,"lower_bound":-0.684327082266333,"upper_bound":-0.6811811569500698},"point_estimate":-0.6827832224845711,"standard_error":0.0007965976204462643}}