{"mean":{"confidence_interval":{"confidence_level":0.95,"lower_bound":60534451.319823526,"upper_bound":61059148.34480882},"point_estimate":60772915.69176472,"standard_error":133539.8974962126},"median":{"confidence_interval":{"confidence_level":0.95,"lower_bound":60287429.5882353,"upper_bound":60635148.64705883},"point_estimate":60408896.441176474,"standard_error":96916.17518468607},"median_abs_dev":{"confidence_interval":{"confidence_level":0.95,"lower_bound":476579.60849858256,"upper_bound":917024.8434783798},"point_estimate":623872.1385240555,"standard_error":118273.83323543036},"slope":null,"std_dev":{"confidence_interval":{"confidence_level":0.95,"lower_bound":833906.1830611386,"upper_bound":1912427.1312689534},"point_estimate":1341136.9226631934,"standard_error":323040.0527525201}}