{"mean":{"confidence_interval":{"confidence_level":0.95,"lower_bound":277040258.57481253,"upper_bound":279117010.303375},"point_estimate":278052834.09,"standard_error":530990.0849680617},"median":{"confidence_interval":{"confidence_level":0.95,"lower_bound":275070932.5,"upper_bound":277705135.0},"point_estimate":276243679.125,"standard_error":677085.8938309392},"median_abs_dev":{"confidence_interval":{"confidence_level":0.95,"lower_bound":2799464.9147495627,"upper_bound":5774460.956107825},"point_estimate":4092601.955191791,"standard_error":793591.9448067562},"slope":null,"std_dev":{"confidence_interval":{"confidence_level":0.95,"lower_bound":4420486.02676583,"upper_bound":6148165.26109908},"point_estimate":5331147.713194727,"standard_error":442905.15183537826}}