{"mean":{"confidence_interval":{"confidence_level":0.95,"lower_bound":23947583.956100006,"upper_bound":24339926.459999986},"point_estimate":24133249.549750008,"standard_error":101114.01751074033},"median":{"confidence_interval":{"confidence_level":0.95,"lower_bound":23664247.45,"upper_bound":23826034.775},"point_estimate":23730108.1125,"standard_error":47363.8765591348},"median_abs_dev":{"confidence_interval":{"confidence_level":0.95,"lower_bound":200529.41155738963,"upper_bound":420699.51066859066},"point_estimate":286178.19274932257,"standard_error":62537.515499558554},"slope":null,"std_dev":{"confidence_interval":{"confidence_level":0.95,"lower_bound":747101.9713597266,"upper_bound":1244322.85029925},"point_estimate":1019599.243670705,"standard_error":126260.82545892625}}