{"mean":{"confidence_interval":{"confidence_level":0.95,"lower_bound":4167549.972430437,"upper_bound":4204972.332846738},"point_estimate":4185626.1615652186,"standard_error":9562.694719881441},"median":{"confidence_interval":{"confidence_level":0.95,"lower_bound":4140186.4391304348,"upper_bound":4163485.913043478},"point_estimate":4148569.502173913,"standard_error":5024.196168143833},"median_abs_dev":{"confidence_interval":{"confidence_level":0.95,"lower_bound":35900.039966559874,"upper_bound":73802.36987409405},"point_estimate":52896.93349176137,"standard_error":9931.65075313799},"slope":null,"std_dev":{"confidence_interval":{"confidence_level":0.95,"lower_bound":78583.31374224108,"upper_bound":110565.79811445362},"point_estimate":96069.8473006241,"standard_error":8155.681405834273}}