{"mean":{"confidence_interval":{"confidence_level":0.95,"lower_bound":87814201.04097918,"upper_bound":88351874.10637501},"point_estimate":88074701.035,"standard_error":136999.7961616055},"median":{"confidence_interval":{"confidence_level":0.95,"lower_bound":87587662.83333333,"upper_bound":87978082.16666667},"point_estimate":87733210.58333334,"standard_error":102839.90908536129},"median_abs_dev":{"confidence_interval":{"confidence_level":0.95,"lower_bound":704902.9605604782,"upper_bound":1394175.2402484454},"point_estimate":1017232.4130155146,"standard_error":172781.407889253},"slope":null,"std_dev":{"confidence_interval":{"confidence_level":0.95,"lower_bound":1092162.4084320224,"upper_bound":1649222.9617672323},"point_estimate":1373502.974426463,"standard_error":143234.50950757615}}