{"mean":{"confidence_interval":{"confidence_level":0.95,"lower_bound":-0.005396083501537342,"upper_bound":0.004953493170006222},"point_estimate":-0.00041143944823729406,"standard_error":0.0026345030459850316},"median":{"confidence_interval":{"confidence_level":0.95,"lower_bound":-0.006542102029162389,"upper_bound":0.0037704381195546866},"point_estimate":-0.001986484364905894,"standard_error":0.002681637317977265}}