{"mean":{"confidence_interval":{"confidence_level":0.95,"lower_bound":-0.026914083000428066,"upper_bound":-0.012289114998319348},"point_estimate":-0.019376021813100608,"standard_error":0.003733871950154138},"median":{"confidence_interval":{"confidence_level":0.95,"lower_bound":-0.03117241232106216,"upper_bound":-0.00865980533945665},"point_estimate":-0.019785822176387136,"standard_error":0.0056040984909635945}}