{"mean":{"confidence_interval":{"confidence_level":0.95,"lower_bound":-0.018808591563190445,"upper_bound":0.0060757063190256975},"point_estimate":-0.004807933166690259,"standard_error":0.006437385137034319},"median":{"confidence_interval":{"confidence_level":0.95,"lower_bound":-0.005488532301971771,"upper_bound":0.003414880251211727},"point_estimate":-0.001377764657440106,"standard_error":0.0023202742443422884}}