{"mean":{"confidence_interval":{"confidence_level":0.95,"lower_bound":-0.6804638700588156,"upper_bound":-0.6688592362466296},"point_estimate":-0.6747133600144999,"standard_error":0.0029869122158027316},"median":{"confidence_interval":{"confidence_level":0.95,"lower_bound":-0.6827876737363758,"upper_bound":-0.6755021851966069},"point_estimate":-0.6790393846761186,"standard_error":0.0019656164468991786}}