{"mean":{"confidence_interval":{"confidence_level":0.95,"lower_bound":-0.6153849466961387,"upper_bound":-0.6094535697895774},"point_estimate":-0.6126197031986147,"standard_error":0.0014916461404722694},"median":{"confidence_interval":{"confidence_level":0.95,"lower_bound":-0.6164106024141616,"upper_bound":-0.6117424540743803},"point_estimate":-0.6145106844434672,"standard_error":0.0012171307497599634}}