{"mean":{"confidence_interval":{"confidence_level":0.95,"lower_bound":-0.7387149020675641,"upper_bound":-0.7363267138087488},"point_estimate":-0.7374962552443278,"standard_error":0.0006041080387005853},"median":{"confidence_interval":{"confidence_level":0.95,"lower_bound":-0.738113076675259,"upper_bound":-0.7362682122364388},"point_estimate":-0.7373123401944571,"standard_error":0.0004885778330247826}}