{"mean":{"confidence_interval":{"confidence_level":0.95,"lower_bound":-0.7419735563546546,"upper_bound":-0.739116861207929},"point_estimate":-0.7405656000940057,"standard_error":0.0007308534672336574},"median":{"confidence_interval":{"confidence_level":0.95,"lower_bound":-0.7421249853499257,"upper_bound":-0.7395570108345144},"point_estimate":-0.7409152042192142,"standard_error":0.000623117766436365}}