{"mean":{"confidence_interval":{"confidence_level":0.95,"lower_bound":-0.6893289505895844,"upper_bound":-0.6848885125782177},"point_estimate":-0.6871470063116325,"standard_error":0.0011377053475874603},"median":{"confidence_interval":{"confidence_level":0.95,"lower_bound":-0.6871616650771734,"upper_bound":-0.6821383196896156},"point_estimate":-0.6838654460562879,"standard_error":0.00124785770281948}}