{"mean":{"confidence_interval":{"confidence_level":0.95,"lower_bound":-0.7202071548750907,"upper_bound":-0.7083529776948138},"point_estimate":-0.7140569999382959,"standard_error":0.002954524193517454},"median":{"confidence_interval":{"confidence_level":0.95,"lower_bound":-0.7246415948382146,"upper_bound":-0.694671474265522},"point_estimate":-0.7003600348464074,"standard_error":0.007712511198336392}}