{"mean":{"confidence_interval":{"confidence_level":0.95,"lower_bound":7348409.358857638,"upper_bound":8155701.709402776},"point_estimate":7726846.132152778,"standard_error":206380.33006056235},"median":{"confidence_interval":{"confidence_level":0.95,"lower_bound":6776829.458333333,"upper_bound":7125996.638888889},"point_estimate":6975130.072916666,"standard_error":88088.83361901302},"median_abs_dev":{"confidence_interval":{"confidence_level":0.95,"lower_bound":241684.4337071597,"upper_bound":659124.2999449233},"point_estimate":482871.50145440013,"standard_error":103228.03404536856},"slope":null,"std_dev":{"confidence_interval":{"confidence_level":0.95,"lower_bound":1426529.5424302942,"upper_bound":2582265.248642249},"point_estimate":2066606.6170439108,"standard_error":295921.7943607914}}