{"mean":{"confidence_interval":{"confidence_level":0.95,"lower_bound":115342435.13722219,"upper_bound":116274120.97444446},"point_estimate":115792174.81999998,"standard_error":237176.90414784072},"median":{"confidence_interval":{"confidence_level":0.95,"lower_bound":114742322.8888889,"upper_bound":115575009.5},"point_estimate":115089328.33333333,"standard_error":201563.41687799865},"median_abs_dev":{"confidence_interval":{"confidence_level":0.95,"lower_bound":1173006.330008313,"upper_bound":2212407.034965256},"point_estimate":1690194.7751263643,"standard_error":260103.3311282993},"slope":null,"std_dev":{"confidence_interval":{"confidence_level":0.95,"lower_bound":1886724.802205794,"upper_bound":2821415.3987752157},"point_estimate":2383483.8317624405,"standard_error":238745.2929181231}}