{"mean":{"confidence_interval":{"confidence_level":0.95,"lower_bound":-0.7487738966343939,"upper_bound":-0.7370072631992645},"point_estimate":-0.7422836814941851,"standard_error":0.0029922771684879642},"median":{"confidence_interval":{"confidence_level":0.95,"lower_bound":-0.7289088628022453,"upper_bound":-0.7217399946152441},"point_estimate":-0.7239400376535206,"standard_error":0.00224628855114956}}