{"mean":{"confidence_interval":{"confidence_level":0.95,"lower_bound":0.048002261049140404,"upper_bound":0.15438162670387404},"point_estimate":0.09566945420139317,"standard_error":0.02708652660100382},"median":{"confidence_interval":{"confidence_level":0.95,"lower_bound":0.022042987120379776,"upper_bound":0.05698635836890764},"point_estimate":0.03911007279625922,"standard_error":0.008626286353937562}}