{"mean":{"confidence_interval":{"confidence_level":0.95,"lower_bound":189295911.3546666,"upper_bound":193216728.10875},"point_estimate":191082682.51166666,"standard_error":1005452.9165875869},"median":{"confidence_interval":{"confidence_level":0.95,"lower_bound":187299162.4166667,"upper_bound":188851330.5},"point_estimate":187949159.6666667,"standard_error":426679.17724784446},"median_abs_dev":{"confidence_interval":{"confidence_level":0.95,"lower_bound":1812258.5488259646,"upper_bound":4053619.212783873},"point_estimate":2632289.9069175124,"standard_error":574670.0262874942},"slope":null,"std_dev":{"confidence_interval":{"confidence_level":0.95,"lower_bound":5391754.211622548,"upper_bound":13835823.651001478},"point_estimate":10109835.403999796,"standard_error":2134603.3589979196}}