{"mean":{"confidence_interval":{"confidence_level":0.95,"lower_bound":65621872.88381667,"upper_bound":66223667.92091666},"point_estimate":65911682.85133331,"standard_error":153727.53992907106},"median":{"confidence_interval":{"confidence_level":0.95,"lower_bound":65229852.93333334,"upper_bound":65679813.43333334},"point_estimate":65437503.43333334,"standard_error":110313.19927510787},"median_abs_dev":{"confidence_interval":{"confidence_level":0.95,"lower_bound":698230.3587639391,"upper_bound":1494162.2766733132},"point_estimate":922407.134884002,"standard_error":201274.20788719418},"slope":null,"std_dev":{"confidence_interval":{"confidence_level":0.95,"lower_bound":1204690.498419051,"upper_bound":1909607.5026606186},"point_estimate":1544085.3795122663,"standard_error":184895.47427594892}}