{"mean":{"confidence_interval":{"confidence_level":0.95,"lower_bound":141886014.87714294,"upper_bound":143129276.23696432},"point_estimate":142470769.4585714,"standard_error":317158.43298872205},"median":{"confidence_interval":{"confidence_level":0.95,"lower_bound":141189803.71428573,"upper_bound":141705004.7142857},"point_estimate":141464343.14285713,"standard_error":138179.38438704758},"median_abs_dev":{"confidence_interval":{"confidence_level":0.95,"lower_bound":968755.8152011589,"upper_bound":2220145.0642845808},"point_estimate":1480710.717712133,"standard_error":306720.50141703524},"slope":null,"std_dev":{"confidence_interval":{"confidence_level":0.95,"lower_bound":2279899.6632523793,"upper_bound":4160974.295024266},"point_estimate":3177589.0656443313,"standard_error":503054.6717372315}}