{"mean":{"confidence_interval":{"confidence_level":0.95,"lower_bound":2010591021.85,"upper_bound":2020288473.42625},"point_estimate":2015408260.1,"standard_error":2469696.2891087458},"median":{"confidence_interval":{"confidence_level":0.95,"lower_bound":2006815173.0,"upper_bound":2019811576.0},"point_estimate":2014090544.5,"standard_error":3117694.5975195733},"median_abs_dev":{"confidence_interval":{"confidence_level":0.95,"lower_bound":21171729.25772667,"upper_bound":32369757.191821933},"point_estimate":26062988.174289465,"standard_error":2894853.986998389},"slope":null,"std_dev":{"confidence_interval":{"confidence_level":0.95,"lower_bound":21398363.200758595,"upper_bound":27983353.921798553},"point_estimate":24826938.092519093,"standard_error":1676449.8106493235}}