{"mean":{"confidence_interval":{"confidence_level":0.95,"lower_bound":1443964519.0365,"upper_bound":1453070150.80625},"point_estimate":1448397066.37,"standard_error":2321845.719660812},"median":{"confidence_interval":{"confidence_level":0.95,"lower_bound":1439797193.0,"upper_bound":1446827322.0},"point_estimate":1443488303.5,"standard_error":1994440.521721151},"median_abs_dev":{"confidence_interval":{"confidence_level":0.95,"lower_bound":13096659.545087814,"upper_bound":25506830.82436323},"point_estimate":19526989.185726643,"standard_error":3120406.1556872707},"slope":null,"std_dev":{"confidence_interval":{"confidence_level":0.95,"lower_bound":18913838.05054715,"upper_bound":27206246.10698137},"point_estimate":23284125.67004515,"standard_error":2119205.04308092}}