{"mean":{"confidence_interval":{"confidence_level":0.95,"lower_bound":-0.6231899610522702,"upper_bound":-0.6183959561825987},"point_estimate":-0.6207601544399923,"standard_error":0.0012257086467404564},"median":{"confidence_interval":{"confidence_level":0.95,"lower_bound":-0.6225679219340404,"upper_bound":-0.6187598226246925},"point_estimate":-0.6207276675761859,"standard_error":0.0009753955845271626}}