{"mean":{"confidence_interval":{"confidence_level":0.95,"lower_bound":-0.6197630765966009,"upper_bound":-0.6146444485942366},"point_estimate":-0.6172158672524457,"standard_error":0.0012866023574676223},"median":{"confidence_interval":{"confidence_level":0.95,"lower_bound":-0.6207153798035338,"upper_bound":-0.616551620596986},"point_estimate":-0.6192638353342726,"standard_error":0.001060799118887173}}