{"mean":{"confidence_interval":{"confidence_level":0.95,"lower_bound":7757341.493712004,"upper_bound":7821832.138429999},"point_estimate":7788416.900960002,"standard_error":16410.58432392375},"median":{"confidence_interval":{"confidence_level":0.95,"lower_bound":7721467.88,"upper_bound":7771758.48},"point_estimate":7748453.768,"standard_error":13643.890735930996},"median_abs_dev":{"confidence_interval":{"confidence_level":0.95,"lower_bound":74370.70768525622,"upper_bound":153578.54604463564},"point_estimate":111166.6092015981,"standard_error":20456.677442833938},"slope":null,"std_dev":{"confidence_interval":{"confidence_level":0.95,"lower_bound":129513.02249276357,"upper_bound":199853.0912063239},"point_estimate":165373.9572328555,"standard_error":18028.348803389174}}