{"mean":{"confidence_interval":{"confidence_level":0.95,"lower_bound":-0.7450929210750573,"upper_bound":-0.7392227410870171},"point_estimate":-0.7423745148914667,"standard_error":0.0014672014749144465},"median":{"confidence_interval":{"confidence_level":0.95,"lower_bound":-0.7453801081676207,"upper_bound":-0.7426649127271232},"point_estimate":-0.7439452386002011,"standard_error":0.0007200641427565974}}