{"mean":{"confidence_interval":{"confidence_level":0.95,"lower_bound":3846401214.6685004,"upper_bound":4029197704.2695},"point_estimate":3938942502.29,"standard_error":46619710.19188108},"median":{"confidence_interval":{"confidence_level":0.95,"lower_bound":4150931296.5,"upper_bound":4249153012.0},"point_estimate":4216546742.5,"standard_error":40257952.88078504},"median_abs_dev":{"confidence_interval":{"confidence_level":0.95,"lower_bound":121547975.38757971,"upper_bound":415307966.9234097},"point_estimate":192135688.85630965,"standard_error":84855119.64885065},"slope":null,"std_dev":{"confidence_interval":{"confidence_level":0.95,"lower_bound":429728074.53548676,"upper_bound":491869747.4447235},"point_estimate":467922832.13143027,"standard_error":15819059.197765157}}