{"mean":{"confidence_interval":{"confidence_level":0.95,"lower_bound":-0.046767166741187784,"upper_bound":-0.02312248607848018},"point_estimate":-0.034884263291459106,"standard_error":0.006041674341232683},"median":{"confidence_interval":{"confidence_level":0.95,"lower_bound":-0.0784078941524986,"upper_bound":-0.04885491722218405},"point_estimate":-0.06275329037176747,"standard_error":0.007642967280934342}}