{"mean":{"confidence_interval":{"confidence_level":0.95,"lower_bound":-0.7459327569939993,"upper_bound":-0.7422780599546003},"point_estimate":-0.7440163259847854,"standard_error":0.0009352208119834033},"median":{"confidence_interval":{"confidence_level":0.95,"lower_bound":-0.7442272087781152,"upper_bound":-0.7410170236618001},"point_estimate":-0.742401272607997,"standard_error":0.0007922595958148042}}