{"mean":{"confidence_interval":{"confidence_level":0.95,"lower_bound":21253612.550320655,"upper_bound":21442896.717434786},"point_estimate":21342785.944565214,"standard_error":48398.32862283924},"median":{"confidence_interval":{"confidence_level":0.95,"lower_bound":21155929.47826087,"upper_bound":21312590.826086957},"point_estimate":21226126.293478258,"standard_error":34236.983804767646},"median_abs_dev":{"confidence_interval":{"confidence_level":0.95,"lower_bound":230188.89090898473,"upper_bound":485551.7492232108},"point_estimate":337585.7095305685,"standard_error":65708.69166838669},"slope":null,"std_dev":{"confidence_interval":{"confidence_level":0.95,"lower_bound":351061.0312980332,"upper_bound":644966.9881945546},"point_estimate":486849.7288776315,"standard_error":83014.08055129998}}