{"mean":{"confidence_interval":{"confidence_level":0.95,"lower_bound":0.08215776852076329,"upper_bound":0.20363924293280022},"point_estimate":0.13304992177915076,"standard_error":0.030199392564983905},"median":{"confidence_interval":{"confidence_level":0.95,"lower_bound":0.009345835467640118,"upper_bound":0.06239282381952305},"point_estimate":0.03847037827022293,"standard_error":0.013292926074982073}}