{"mean":{"confidence_interval":{"confidence_level":0.95,"lower_bound":-0.1257701220758839,"upper_bound":-0.09701368474754668},"point_estimate":-0.1113678442890016,"standard_error":0.007321774829539303},"median":{"confidence_interval":{"confidence_level":0.95,"lower_bound":-0.1163744419911884,"upper_bound":-0.10450417752563643},"point_estimate":-0.11041694296764093,"standard_error":0.0031894749943814603}}