{"mean":{"confidence_interval":{"confidence_level":0.95,"lower_bound":-0.7516262549514692,"upper_bound":-0.7463328777148831},"point_estimate":-0.7489507359260481,"standard_error":0.0013496837461124112},"median":{"confidence_interval":{"confidence_level":0.95,"lower_bound":-0.7502359022795314,"upper_bound":-0.743778028491113},"point_estimate":-0.746976052613858,"standard_error":0.0016170529509488764}}