{"mean":{"confidence_interval":{"confidence_level":0.95,"lower_bound":52025838.20042101,"upper_bound":52450814.38897366},"point_estimate":52232899.45894736,"standard_error":108376.88102465913},"median":{"confidence_interval":{"confidence_level":0.95,"lower_bound":51722143.7631579,"upper_bound":52122497.44736842},"point_estimate":51943940.315789476,"standard_error":115036.52813469637},"median_abs_dev":{"confidence_interval":{"confidence_level":0.95,"lower_bound":562632.8394060035,"upper_bound":1071709.9803932083},"point_estimate":757491.0709939532,"standard_error":124568.50562983037},"slope":null,"std_dev":{"confidence_interval":{"confidence_level":0.95,"lower_bound":914364.3427012699,"upper_bound":1232058.809426666},"point_estimate":1087354.700886475,"standard_error":81208.98428551634}}