{"mean":{"confidence_interval":{"confidence_level":0.95,"lower_bound":-0.22070025304210514,"upper_bound":-0.20524605236013874},"point_estimate":-0.2129615151411517,"standard_error":0.003936298249001406},"median":{"confidence_interval":{"confidence_level":0.95,"lower_bound":-0.22033208772699076,"upper_bound":-0.20474923130139822},"point_estimate":-0.2137368780206642,"standard_error":0.004431363485923706}}