{"mean":{"confidence_interval":{"confidence_level":0.95,"lower_bound":-0.7435179847806929,"upper_bound":-0.7399611384871885},"point_estimate":-0.7418323646345328,"standard_error":0.0009014082963192817},"median":{"confidence_interval":{"confidence_level":0.95,"lower_bound":-0.7432305396347055,"upper_bound":-0.7413521864688173},"point_estimate":-0.7424138948929343,"standard_error":0.000485091456527037}}