{"mean":{"confidence_interval":{"confidence_level":0.95,"lower_bound":133986192.71484375,"upper_bound":147204564.50971875},"point_estimate":139806147.35375,"standard_error":3409795.4897431615},"median":{"confidence_interval":{"confidence_level":0.95,"lower_bound":130787326.625,"upper_bound":134905288.5},"point_estimate":133524095.375,"standard_error":1151364.5832995772},"median_abs_dev":{"confidence_interval":{"confidence_level":0.95,"lower_bound":6919982.003545761,"upper_bound":13972754.741659015},"point_estimate":10767723.028847203,"standard_error":1701596.0584262754},"slope":null,"std_dev":{"confidence_interval":{"confidence_level":0.95,"lower_bound":14142972.12510037,"upper_bound":49859350.44976521},"point_estimate":34258076.78780473,"standard_error":9387754.880402766}}