{"mean":{"confidence_interval":{"confidence_level":0.95,"lower_bound":78152949.64222915,"upper_bound":78797030.17845832},"point_estimate":78467405.49999999,"standard_error":164956.29745866026},"median":{"confidence_interval":{"confidence_level":0.95,"lower_bound":77640411.25,"upper_bound":78308147.45833334},"point_estimate":77882373.125,"standard_error":166607.4386151171},"median_abs_dev":{"confidence_interval":{"confidence_level":0.95,"lower_bound":865362.0700436343,"upper_bound":1642823.50265906},"point_estimate":1211688.3723132312,"standard_error":212699.40731689543},"slope":null,"std_dev":{"confidence_interval":{"confidence_level":0.95,"lower_bound":1389195.263270558,"upper_bound":1886241.437828759},"point_estimate":1660410.8986578519,"standard_error":127075.27136795287}}