{"mean":{"confidence_interval":{"confidence_level":0.95,"lower_bound":82011396.53539586,"upper_bound":82587284.16004166},"point_estimate":82295662.1,"standard_error":146570.77961234722},"median":{"confidence_interval":{"confidence_level":0.95,"lower_bound":81547239.83333333,"upper_bound":82268994.08333334},"point_estimate":82062242.875,"standard_error":154364.1306113933},"median_abs_dev":{"confidence_interval":{"confidence_level":0.95,"lower_bound":1028276.3619944416,"upper_bound":1888462.5998555939},"point_estimate":1496752.0081773363,"standard_error":226942.1886987472},"slope":null,"std_dev":{"confidence_interval":{"confidence_level":0.95,"lower_bound":1272590.3190488229,"upper_bound":1649447.2023809366},"point_estimate":1471381.085779089,"standard_error":96140.88554039838}}