{"mean":{"confidence_interval":{"confidence_level":0.95,"lower_bound":-0.7433875589272883,"upper_bound":-0.7405716363955183},"point_estimate":-0.7419427189542005,"standard_error":0.0007189937136039055},"median":{"confidence_interval":{"confidence_level":0.95,"lower_bound":-0.7442385247583011,"upper_bound":-0.7409474777122902},"point_estimate":-0.7426654125284549,"standard_error":0.0008358215276336893}}