{"mean":{"confidence_interval":{"confidence_level":0.95,"lower_bound":73331682.21425,"upper_bound":80461859.62177941},"point_estimate":76888928.09941174,"standard_error":1821444.4821202154},"median":{"confidence_interval":{"confidence_level":0.95,"lower_bound":60113662.85294118,"upper_bound":90851573.0},"point_estimate":66094073.91176471,"standard_error":11656022.009152254},"median_abs_dev":{"confidence_interval":{"confidence_level":0.95,"lower_bound":2774053.2166095357,"upper_bound":32305606.791590244},"point_estimate":12145931.846554851,"standard_error":10087487.06257595},"slope":null,"std_dev":{"confidence_interval":{"confidence_level":0.95,"lower_bound":17391237.150797557,"upper_bound":19147190.5088049},"point_estimate":18370994.18841314,"standard_error":447040.306105286}}