{"mean":{"confidence_interval":{"confidence_level":0.95,"lower_bound":-0.7548924361261576,"upper_bound":-0.7488724677157865},"point_estimate":-0.7517628471913965,"standard_error":0.001535381801352116},"median":{"confidence_interval":{"confidence_level":0.95,"lower_bound":-0.7543834400850813,"upper_bound":-0.7475220157110807},"point_estimate":-0.7500431618503267,"standard_error":0.0017225012124519844}}