{"mean":{"confidence_interval":{"confidence_level":0.95,"lower_bound":-0.7769597269591989,"upper_bound":-0.7662851838927263},"point_estimate":-0.7722602997952652,"standard_error":0.0026970247304214426},"median":{"confidence_interval":{"confidence_level":0.95,"lower_bound":-0.7803969167769463,"upper_bound":-0.778468975801999},"point_estimate":-0.7794062940657169,"standard_error":0.0005059512988211106}}