{"mean":{"confidence_interval":{"confidence_level":0.95,"lower_bound":27216376.729249988,"upper_bound":27538589.47320001},"point_estimate":27366947.73514286,"standard_error":82442.33269573034},"median":{"confidence_interval":{"confidence_level":0.95,"lower_bound":27036900.257142857,"upper_bound":27289377.62857143},"point_estimate":27196055.614285715,"standard_error":70047.85947626828},"median_abs_dev":{"confidence_interval":{"confidence_level":0.95,"lower_bound":361610.3907601326,"upper_bound":621797.9811608791},"point_estimate":489517.9758093203,"standard_error":66655.44333977225},"slope":null,"std_dev":{"confidence_interval":{"confidence_level":0.95,"lower_bound":535696.5952163332,"upper_bound":1106613.133609217},"point_estimate":831162.9999489818,"standard_error":148129.37306446716}}