{"mean":{"confidence_interval":{"confidence_level":0.95,"lower_bound":-0.5809867361740836,"upper_bound":-0.560851312485355},"point_estimate":-0.5715718426099918,"standard_error":0.005100572052934899},"median":{"confidence_interval":{"confidence_level":0.95,"lower_bound":-0.5880984459271063,"upper_bound":-0.5642921986843513},"point_estimate":-0.5713199602420219,"standard_error":0.006597607912507732}}