{"mean":{"confidence_interval":{"confidence_level":0.95,"lower_bound":-0.7424098124581586,"upper_bound":-0.7363135767722124},"point_estimate":-0.7396680532257237,"standard_error":0.0016009988248362691},"median":{"confidence_interval":{"confidence_level":0.95,"lower_bound":-0.7441572101363867,"upper_bound":-0.7417050879749192},"point_estimate":-0.7428513658740628,"standard_error":0.0006185282176642133}}