{"mean":{"confidence_interval":{"confidence_level":0.95,"lower_bound":-0.7417918607411388,"upper_bound":-0.7369783216048162},"point_estimate":-0.7392152506879688,"standard_error":0.0012300771440562708},"median":{"confidence_interval":{"confidence_level":0.95,"lower_bound":-0.7397063954727625,"upper_bound":-0.7363573227783877},"point_estimate":-0.7381274556134273,"standard_error":0.0008630389024686646}}