{"mean":{"confidence_interval":{"confidence_level":0.95,"lower_bound":-0.6187186442800119,"upper_bound":-0.6102626076228043},"point_estimate":-0.6146978233260587,"standard_error":0.0021914808911306714},"median":{"confidence_interval":{"confidence_level":0.95,"lower_bound":-0.6195009394295827,"upper_bound":-0.6155928535156125},"point_estimate":-0.6177016499853594,"standard_error":0.001024420476810787}}