{"mean":{"confidence_interval":{"confidence_level":0.95,"lower_bound":-0.006290320440758946,"upper_bound":0.005859450926160263},"point_estimate":-0.00026058597715516996,"standard_error":0.003111465011399656},"median":{"confidence_interval":{"confidence_level":0.95,"lower_bound":-0.0033250883883638727,"upper_bound":0.0067965986410081225},"point_estimate":0.0025048255889978943,"standard_error":0.002671612704326113}}