{"mean":{"confidence_interval":{"confidence_level":0.95,"lower_bound":145233556.28325006,"upper_bound":146286529.55067864},"point_estimate":145746381.57714283,"standard_error":269527.6218222086},"median":{"confidence_interval":{"confidence_level":0.95,"lower_bound":144863240.78571427,"upper_bound":145600829.64285713},"point_estimate":145156369.28571427,"standard_error":199226.06940310565},"median_abs_dev":{"confidence_interval":{"confidence_level":0.95,"lower_bound":1651347.9141827205,"upper_bound":2964682.0963663524},"point_estimate":2291282.964421599,"standard_error":349794.70051550283},"slope":null,"std_dev":{"confidence_interval":{"confidence_level":0.95,"lower_bound":2228332.42191069,"upper_bound":3124834.583425154},"point_estimate":2704083.905296874,"standard_error":229385.8132863682}}