{"mean":{"confidence_interval":{"confidence_level":0.95,"lower_bound":8022549754.165,"upper_bound":8076551874.54675},"point_estimate":8047244383.25,"standard_error":13779594.55618461},"median":{"confidence_interval":{"confidence_level":0.95,"lower_bound":7993253876.0,"upper_bound":8029504164.0},"point_estimate":8009940573.5,"standard_error":9544799.58087054},"median_abs_dev":{"confidence_interval":{"confidence_level":0.95,"lower_bound":54982596.60426378,"upper_bound":98619186.97105944},"point_estimate":72869166.0143137,"standard_error":11597113.897208225},"slope":null,"std_dev":{"confidence_interval":{"confidence_level":0.95,"lower_bound":88035058.46422167,"upper_bound":192954386.2675062},"point_estimate":138572083.81264076,"standard_error":29038126.789878953}}