{"mean":{"confidence_interval":{"confidence_level":0.95,"lower_bound":-0.030352338232757084,"upper_bound":-0.010327969842099938},"point_estimate":-0.020339070030025996,"standard_error":0.005091000853568842},"median":{"confidence_interval":{"confidence_level":0.95,"lower_bound":-0.03631041383596145,"upper_bound":-0.023499444567342497},"point_estimate":-0.030301500390821134,"standard_error":0.0032566674399351543}}