{"mean":{"confidence_interval":{"confidence_level":0.95,"lower_bound":-0.7537470560484089,"upper_bound":-0.7511197913079859},"point_estimate":-0.7524114194075942,"standard_error":0.0006798060898920939},"median":{"confidence_interval":{"confidence_level":0.95,"lower_bound":-0.7555193013607416,"upper_bound":-0.7521631411307362},"point_estimate":-0.7537228351783908,"standard_error":0.0008126971378310172}}