{"mean":{"confidence_interval":{"confidence_level":0.95,"lower_bound":0.13294740599241883,"upper_bound":0.31626098916378714},"point_estimate":0.22162574848009453,"standard_error":0.043557792583297915},"median":{"confidence_interval":{"confidence_level":0.95,"lower_bound":-0.03189616114707294,"upper_bound":0.009871778237698026},"point_estimate":-0.01970142897857896,"standard_error":0.013284120237212562}}