{"mean":{"confidence_interval":{"confidence_level":0.95,"lower_bound":4005483.096720043,"upper_bound":4058488.2312758258},"point_estimate":4029658.1303305775,"standard_error":13571.769884351688},"median":{"confidence_interval":{"confidence_level":0.95,"lower_bound":3980213.3099173554,"upper_bound":4004118.603305785},"point_estimate":3991199.617768595,"standard_error":5779.720380319401},"median_abs_dev":{"confidence_interval":{"confidence_level":0.95,"lower_bound":32308.628706572836,"upper_bound":70387.77544210276},"point_estimate":49533.23933259258,"standard_error":9797.537867347519},"slope":null,"std_dev":{"confidence_interval":{"confidence_level":0.95,"lower_bound":69375.33483719338,"upper_bound":189701.73482168632},"point_estimate":136505.3772206117,"standard_error":30351.042684865755}}