{"mean":{"confidence_interval":{"confidence_level":0.95,"lower_bound":-0.21941788364960607,"upper_bound":-0.1422479023730202},"point_estimate":-0.18198484427344286,"standard_error":0.019751708565082727},"median":{"confidence_interval":{"confidence_level":0.95,"lower_bound":-0.1001397577504275,"upper_bound":-0.04619079991777297},"point_estimate":-0.08394476540834794,"standard_error":0.013610886069975792}}