{"mean":{"confidence_interval":{"confidence_level":0.95,"lower_bound":1015163483.241,"upper_bound":1025886755.95525},"point_estimate":1020197688.84,"standard_error":2742470.33664312},"median":{"confidence_interval":{"confidence_level":0.95,"lower_bound":1010516392.0,"upper_bound":1020726773.5},"point_estimate":1015933397.5,"standard_error":2945019.1055521057},"median_abs_dev":{"confidence_interval":{"confidence_level":0.95,"lower_bound":13782433.939012885,"upper_bound":24370841.22683108},"point_estimate":16365889.597347379,"standard_error":2728684.670441757},"slope":null,"std_dev":{"confidence_interval":{"confidence_level":0.95,"lower_bound":17978139.385969307,"upper_bound":37232364.4728596},"point_estimate":27700860.36225711,"standard_error":5100549.49609202}}