{"mean":{"confidence_interval":{"confidence_level":0.95,"lower_bound":-0.7474159446486458,"upper_bound":-0.7444751956457129},"point_estimate":-0.745922106317527,"standard_error":0.0007522457009274264},"median":{"confidence_interval":{"confidence_level":0.95,"lower_bound":-0.7461928445599582,"upper_bound":-0.7440847699452798},"point_estimate":-0.7452323303939581,"standard_error":0.0005208287060105022}}