{"mean":{"confidence_interval":{"confidence_level":0.95,"lower_bound":5107244518.2185,"upper_bound":5127494202.696751},"point_estimate":5116838057.4,"standard_error":5148098.767159143},"median":{"confidence_interval":{"confidence_level":0.95,"lower_bound":5101400071.0,"upper_bound":5116776622.0},"point_estimate":5107762247.0,"standard_error":3395878.420461236},"median_abs_dev":{"confidence_interval":{"confidence_level":0.95,"lower_bound":23612336.40859723,"upper_bound":44284973.589384556},"point_estimate":29786810.06527841,"standard_error":5422798.64599342},"slope":null,"std_dev":{"confidence_interval":{"confidence_level":0.95,"lower_bound":35656163.22722108,"upper_bound":68817546.9459855},"point_estimate":51832880.96347466,"standard_error":8784601.83197298}}