{"mean":{"confidence_interval":{"confidence_level":0.95,"lower_bound":-0.7541067740969738,"upper_bound":-0.7524077231819836},"point_estimate":-0.7533245132936124,"standard_error":0.00044311892234053603},"median":{"confidence_interval":{"confidence_level":0.95,"lower_bound":-0.7548503874760685,"upper_bound":-0.7536380039491075},"point_estimate":-0.7542973766617593,"standard_error":0.00031100247415747267}}