{"mean":{"confidence_interval":{"confidence_level":0.95,"lower_bound":40114362.22854168,"upper_bound":40402447.25140624},"point_estimate":40255444.57875,"standard_error":73328.65098388874},"median":{"confidence_interval":{"confidence_level":0.95,"lower_bound":39890564.27083333,"upper_bound":40131597.958333336},"point_estimate":40011918.104166664,"standard_error":64943.25042046961},"median_abs_dev":{"confidence_interval":{"confidence_level":0.95,"lower_bound":358537.58405969286,"upper_bound":661339.2931088805},"point_estimate":501055.1010794901,"standard_error":72095.8078836637},"slope":null,"std_dev":{"confidence_interval":{"confidence_level":0.95,"lower_bound":619909.2917217272,"upper_bound":828209.5005168912},"point_estimate":736520.1434519696,"standard_error":52808.025864352756}}