{"mean":{"confidence_interval":{"confidence_level":0.95,"lower_bound":-0.22310386165536164,"upper_bound":-0.08049955403779016},"point_estimate":-0.15673085757535665,"standard_error":0.036403796691459725},"median":{"confidence_interval":{"confidence_level":0.95,"lower_bound":-0.10613540661533134,"upper_bound":-0.036895249435082614},"point_estimate":-0.06836871726906535,"standard_error":0.01815411599952306}}