{"mean":{"confidence_interval":{"confidence_level":0.95,"lower_bound":-0.740924334628849,"upper_bound":-0.7367985856258177},"point_estimate":-0.7389631920830457,"standard_error":0.0010664609305165258},"median":{"confidence_interval":{"confidence_level":0.95,"lower_bound":-0.7404808464327137,"upper_bound":-0.7379683062468387},"point_estimate":-0.7391320810082276,"standard_error":0.0005959552468985148}}