{"mean":{"confidence_interval":{"confidence_level":0.95,"lower_bound":-0.7432492179242258,"upper_bound":-0.7264670171565738},"point_estimate":-0.735855921511142,"standard_error":0.004210508684279594},"median":{"confidence_interval":{"confidence_level":0.95,"lower_bound":-0.7540703106368913,"upper_bound":-0.7516198332526485},"point_estimate":-0.7529097908483326,"standard_error":0.000653089971734708}}