{"mean":{"confidence_interval":{"confidence_level":0.95,"lower_bound":158294531.94032145,"upper_bound":159616679.62117854},"point_estimate":158929022.51428565,"standard_error":337443.2110205037},"median":{"confidence_interval":{"confidence_level":0.95,"lower_bound":157356158.57142857,"upper_bound":158064055.57142857},"point_estimate":157780748.57142857,"standard_error":170614.5105300425},"median_abs_dev":{"confidence_interval":{"confidence_level":0.95,"lower_bound":1439854.1807374689,"upper_bound":2632042.6833719015},"point_estimate":2100356.8109112093,"standard_error":301735.60924258357},"slope":null,"std_dev":{"confidence_interval":{"confidence_level":0.95,"lower_bound":2594634.037460544,"upper_bound":4141584.0048395745},"point_estimate":3390695.2042338694,"standard_error":398098.54969717364}}