{"mean":{"confidence_interval":{"confidence_level":0.95,"lower_bound":-0.7870322164064829,"upper_bound":-0.786069063647958},"point_estimate":-0.7866012530748283,"standard_error":0.0002427273705526637},"median":{"confidence_interval":{"confidence_level":0.95,"lower_bound":-0.7872605400341738,"upper_bound":-0.7864971101502689},"point_estimate":-0.7869593189929744,"standard_error":0.00018397642573414596}}