{"mean":{"confidence_interval":{"confidence_level":0.95,"lower_bound":115466658.34963882,"upper_bound":116268774.18758327},"point_estimate":115864564.25666666,"standard_error":205193.5402859077},"median":{"confidence_interval":{"confidence_level":0.95,"lower_bound":115068160.5,"upper_bound":116256415.1111111},"point_estimate":115447064.83333334,"standard_error":329958.38097394106},"median_abs_dev":{"confidence_interval":{"confidence_level":0.95,"lower_bound":1713510.3070457764,"upper_bound":2725616.3341322937},"point_estimate":2233457.8707148433,"standard_error":255827.237623785},"slope":null,"std_dev":{"confidence_interval":{"confidence_level":0.95,"lower_bound":1817007.0466113354,"upper_bound":2279930.463169958},"point_estimate":2065112.2356149263,"standard_error":118094.12658714732}}