{"mean":{"confidence_interval":{"confidence_level":0.95,"lower_bound":3390160.9978758674,"upper_bound":3414225.7402916667},"point_estimate":3401765.673506946,"standard_error":6151.984905459207},"median":{"confidence_interval":{"confidence_level":0.95,"lower_bound":3369700.6493055555,"upper_bound":3396390.798611111},"point_estimate":3382367.381944444,"standard_error":6908.112599084262},"median_abs_dev":{"confidence_interval":{"confidence_level":0.95,"lower_bound":28362.72693291935,"upper_bound":52868.264117650346},"point_estimate":35217.63344351202,"standard_error":6056.27871526918},"slope":null,"std_dev":{"confidence_interval":{"confidence_level":0.95,"lower_bound":50866.48776591791,"upper_bound":71364.99388508787},"point_estimate":61884.72852731683,"standard_error":5233.458705582899}}