{"mean":{"confidence_interval":{"confidence_level":0.95,"lower_bound":-0.07200540776145171,"upper_bound":-0.059282643444646656},"point_estimate":-0.06586062549159633,"standard_error":0.0032284129604477014},"median":{"confidence_interval":{"confidence_level":0.95,"lower_bound":-0.07771904094704866,"upper_bound":-0.06228910098686702},"point_estimate":-0.07042154495001285,"standard_error":0.0038137825147298633}}