{"mean":{"confidence_interval":{"confidence_level":0.95,"lower_bound":0.03129982797855501,"upper_bound":0.13202448425500313},"point_estimate":0.07618054916141159,"standard_error":0.025080438247172328},"median":{"confidence_interval":{"confidence_level":0.95,"lower_bound":0.007090348084435982,"upper_bound":0.044820302446315186},"point_estimate":0.02467020333011405,"standard_error":0.010002084854157519}}