{"mean":{"confidence_interval":{"confidence_level":0.95,"lower_bound":50724784.50909211,"upper_bound":51325259.90771051},"point_estimate":50998830.33157894,"standard_error":153675.74325961675},"median":{"confidence_interval":{"confidence_level":0.95,"lower_bound":50298796.526315786,"upper_bound":50577500.315789476},"point_estimate":50442194.315789476,"standard_error":80170.38792218782},"median_abs_dev":{"confidence_interval":{"confidence_level":0.95,"lower_bound":320256.45933010656,"upper_bound":785839.8650906559},"point_estimate":494275.2266722299,"standard_error":124528.96959049668},"slope":null,"std_dev":{"confidence_interval":{"confidence_level":0.95,"lower_bound":950081.4243761908,"upper_bound":2171923.9830436665},"point_estimate":1545082.1279876148,"standard_error":336063.2564284099}}