{"mean":{"confidence_interval":{"confidence_level":0.95,"lower_bound":-0.01830764683972548,"upper_bound":-0.001951532731708709},"point_estimate":-0.010020024706820174,"standard_error":0.004190785997029831},"median":{"confidence_interval":{"confidence_level":0.95,"lower_bound":-0.013804533172501743,"upper_bound":-0.0020830762307312177},"point_estimate":-0.008720309797442538,"standard_error":0.003011274393909093}}