{"mean":{"confidence_interval":{"confidence_level":0.95,"lower_bound":-0.7881340283068924,"upper_bound":-0.7843409374151953},"point_estimate":-0.7860751186332838,"standard_error":0.000973030214012377},"median":{"confidence_interval":{"confidence_level":0.95,"lower_bound":-0.7868810446898565,"upper_bound":-0.7844899362687097},"point_estimate":-0.7858038859893285,"standard_error":0.000607659455470082}}