{"mean":{"confidence_interval":{"confidence_level":0.95,"lower_bound":61645197.95717187,"upper_bound":62739105.88440625},"point_estimate":62154170.51125,"standard_error":280494.09178737295},"median":{"confidence_interval":{"confidence_level":0.95,"lower_bound":60954772.375,"upper_bound":61555376.1875},"point_estimate":61240603.71875,"standard_error":152978.35154522306},"median_abs_dev":{"confidence_interval":{"confidence_level":0.95,"lower_bound":936940.1265347376,"upper_bound":1868860.6606698404},"point_estimate":1407877.4909801781,"standard_error":265840.82147347013},"slope":null,"std_dev":{"confidence_interval":{"confidence_level":0.95,"lower_bound":1773232.867541787,"upper_bound":3718608.232075253},"point_estimate":2825353.796297373,"standard_error":495377.35007310763}}