{"mean":{"confidence_interval":{"confidence_level":0.95,"lower_bound":-0.6809190566361149,"upper_bound":-0.6749928617150766},"point_estimate":-0.6780895077490803,"standard_error":0.0014878797342612288},"median":{"confidence_interval":{"confidence_level":0.95,"lower_bound":-0.6797983858584655,"upper_bound":-0.676845213331904},"point_estimate":-0.6781627812000305,"standard_error":0.0007579207141640783}}