{"mean":{"confidence_interval":{"confidence_level":0.95,"lower_bound":-0.5343624311149918,"upper_bound":-0.4877138900019438},"point_estimate":-0.5117549784516897,"standard_error":0.011452517523990392},"median":{"confidence_interval":{"confidence_level":0.95,"lower_bound":-0.6150876272617511,"upper_bound":-0.4239423362799657},"point_estimate":-0.5778352349539309,"standard_error":0.07436803679223956}}