{"mean":{"confidence_interval":{"confidence_level":0.95,"lower_bound":37300001.09461537,"upper_bound":37473273.07537499},"point_estimate":37383860.893461525,"standard_error":43989.71905635545},"median":{"confidence_interval":{"confidence_level":0.95,"lower_bound":37214742.75,"upper_bound":37328395.42307693},"point_estimate":37259672.67307693,"standard_error":28476.181204918594},"median_abs_dev":{"confidence_interval":{"confidence_level":0.95,"lower_bound":226087.8569899801,"upper_bound":410047.2365663589},"point_estimate":294979.5733630657,"standard_error":45196.162315755835},"slope":null,"std_dev":{"confidence_interval":{"confidence_level":0.95,"lower_bound":353058.38151449716,"upper_bound":520516.1902862917},"point_estimate":442037.542566596,"standard_error":42856.517055570745}}