{"mean":{"confidence_interval":{"confidence_level":0.95,"lower_bound":-0.036510736006737564,"upper_bound":-0.024405658843126926},"point_estimate":-0.030371797741429396,"standard_error":0.003099519756799891},"median":{"confidence_interval":{"confidence_level":0.95,"lower_bound":-0.034895372552869564,"upper_bound":-0.021494611125253495},"point_estimate":-0.028871287437905124,"standard_error":0.0029966299025758806}}