{"mean":{"confidence_interval":{"confidence_level":0.95,"lower_bound":-0.7447018026787736,"upper_bound":-0.7407228454931589},"point_estimate":-0.742688806552865,"standard_error":0.0010093646099828164},"median":{"confidence_interval":{"confidence_level":0.95,"lower_bound":-0.7441155838818477,"upper_bound":-0.74066675642177},"point_estimate":-0.7422558658275383,"standard_error":0.0009139479972174705}}