{"mean":{"confidence_interval":{"confidence_level":0.95,"lower_bound":-0.7927401910999182,"upper_bound":-0.7825239048299022},"point_estimate":-0.786611438382129,"standard_error":0.002723459725157221},"median":{"confidence_interval":{"confidence_level":0.95,"lower_bound":-0.7853915828097864,"upper_bound":-0.7825886993094824},"point_estimate":-0.7838292892849684,"standard_error":0.000716511943487783}}