{"mean":{"confidence_interval":{"confidence_level":0.95,"lower_bound":3405385668.14125,"upper_bound":3570797767.01675},"point_estimate":3476191772.76,"standard_error":42773384.898509495},"median":{"confidence_interval":{"confidence_level":0.95,"lower_bound":3345453869.0,"upper_bound":3367659725.0},"point_estimate":3356564959.0,"standard_error":6144481.274477862},"median_abs_dev":{"confidence_interval":{"confidence_level":0.95,"lower_bound":30454175.7566303,"upper_bound":60477062.439617515},"point_estimate":43324112.40724325,"standard_error":7561840.907918838},"slope":null,"std_dev":{"confidence_interval":{"confidence_level":0.95,"lower_bound":143521824.78588498,"upper_bound":656240952.0514413},"point_estimate":430370153.0248119,"standard_error":138194134.1043486}}