{"mean":{"confidence_interval":{"confidence_level":0.95,"lower_bound":44790469.908964284,"upper_bound":45156844.31026191},"point_estimate":44971387.255238086,"standard_error":93309.75010494326},"median":{"confidence_interval":{"confidence_level":0.95,"lower_bound":44600414.952380955,"upper_bound":45023869.78571428},"point_estimate":44792914.73809524,"standard_error":115099.25881300378},"median_abs_dev":{"confidence_interval":{"confidence_level":0.95,"lower_bound":668868.9065252006,"upper_bound":1210470.2311098576},"point_estimate":972085.0287420404,"standard_error":140312.49981202022},"slope":null,"std_dev":{"confidence_interval":{"confidence_level":0.95,"lower_bound":813790.1941997263,"upper_bound":1038520.1738526069},"point_estimate":935386.8695356831,"standard_error":57349.83036201029}}