{"mean":{"confidence_interval":{"confidence_level":0.95,"lower_bound":6624444.370944826,"upper_bound":6700838.751660344},"point_estimate":6658973.891448275,"standard_error":19554.41291192905},"median":{"confidence_interval":{"confidence_level":0.95,"lower_bound":6588791.275862069,"upper_bound":6620493.0},"point_estimate":6605106.882758621,"standard_error":8203.633261553588},"median_abs_dev":{"confidence_interval":{"confidence_level":0.95,"lower_bound":45863.66270782623,"upper_bound":90169.20997917556},"point_estimate":62727.18425119797,"standard_error":11649.389560801663},"slope":null,"std_dev":{"confidence_interval":{"confidence_level":0.95,"lower_bound":103075.79828869736,"upper_bound":279120.9886790431},"point_estimate":196458.4185952576,"standard_error":46276.15803756398}}