{"mean":{"confidence_interval":{"confidence_level":0.95,"lower_bound":-0.6882733689115627,"upper_bound":-0.6772198746877289},"point_estimate":-0.6824937482498662,"standard_error":0.0028230036316283244},"median":{"confidence_interval":{"confidence_level":0.95,"lower_bound":-0.6838133427793472,"upper_bound":-0.6788381049540563},"point_estimate":-0.6813142162018633,"standard_error":0.0012478958846180595}}