{"mean":{"confidence_interval":{"confidence_level":0.95,"lower_bound":5573714.82268644,"upper_bound":5637375.633994351},"point_estimate":5601918.64762712,"standard_error":16322.098931039189},"median":{"confidence_interval":{"confidence_level":0.95,"lower_bound":5545965.779661017,"upper_bound":5565652.853107344},"point_estimate":5554578.474576271,"standard_error":6000.348314498941},"median_abs_dev":{"confidence_interval":{"confidence_level":0.95,"lower_bound":33609.393854160684,"upper_bound":82356.89149211008},"point_estimate":52529.1117826765,"standard_error":12037.190285031551},"slope":null,"std_dev":{"confidence_interval":{"confidence_level":0.95,"lower_bound":83478.71464957518,"upper_bound":238398.00816358434},"point_estimate":163644.8415513698,"standard_error":41787.164674832995}}