{"mean":{"confidence_interval":{"confidence_level":0.95,"lower_bound":163723063.95362502,"upper_bound":166776952.51987493},"point_estimate":164986742.24499997,"standard_error":794799.1574709099},"median":{"confidence_interval":{"confidence_level":0.95,"lower_bound":163010350.16666666,"upper_bound":164195914.16666666},"point_estimate":163388137.25,"standard_error":252148.7005653443},"median_abs_dev":{"confidence_interval":{"confidence_level":0.95,"lower_bound":2114466.8595907036,"upper_bound":3461187.3364016265},"point_estimate":2633377.0233482122,"standard_error":352876.6098214992},"slope":null,"std_dev":{"confidence_interval":{"confidence_level":0.95,"lower_bound":3034251.843802057,"upper_bound":12723096.841281375},"point_estimate":7984095.077586881,"standard_error":3038307.644322374}}