{"mean":{"confidence_interval":{"confidence_level":0.95,"lower_bound":85535062.01687501,"upper_bound":89642694.42353125},"point_estimate":87560437.55125,"standard_error":1047158.2252273839},"median":{"confidence_interval":{"confidence_level":0.95,"lower_bound":83653059.0,"upper_bound":88548933.375},"point_estimate":87138738.25,"standard_error":1350376.130624764},"median_abs_dev":{"confidence_interval":{"confidence_level":0.95,"lower_bound":7915748.03686738,"upper_bound":15183027.138334885},"point_estimate":12543234.812238067,"standard_error":1910029.8775127013},"slope":null,"std_dev":{"confidence_interval":{"confidence_level":0.95,"lower_bound":9194854.151819391,"upper_bound":11705266.961150626},"point_estimate":10526659.49137411,"standard_error":642849.6793044861}}