{"mean":{"confidence_interval":{"confidence_level":0.95,"lower_bound":-0.7478531259818362,"upper_bound":-0.743973493522185},"point_estimate":-0.7458307099306621,"standard_error":0.0009909311733497668},"median":{"confidence_interval":{"confidence_level":0.95,"lower_bound":-0.7466746728269691,"upper_bound":-0.7436875063942422},"point_estimate":-0.7446564790102086,"standard_error":0.0007794404525666844}}