{"mean":{"confidence_interval":{"confidence_level":0.95,"lower_bound":-0.7849043236935507,"upper_bound":-0.7833675312323102},"point_estimate":-0.7841513016960433,"standard_error":0.00038993163565405824},"median":{"confidence_interval":{"confidence_level":0.95,"lower_bound":-0.7850582536032837,"upper_bound":-0.7837552667201632},"point_estimate":-0.7843895445561078,"standard_error":0.0003469085307048931}}