{"mean":{"confidence_interval":{"confidence_level":0.95,"lower_bound":-0.7425388748957659,"upper_bound":-0.7382782971288498},"point_estimate":-0.7405331322219733,"standard_error":0.00108151549618067},"median":{"confidence_interval":{"confidence_level":0.95,"lower_bound":-0.7425378250222161,"upper_bound":-0.7400939270288226},"point_estimate":-0.7411174002128957,"standard_error":0.0006236354566224862}}