{"mean":{"confidence_interval":{"confidence_level":0.95,"lower_bound":204248317.93090013,"upper_bound":206178253.89409992},"point_estimate":205186012.63800004,"standard_error":494797.8934992541},"median":{"confidence_interval":{"confidence_level":0.95,"lower_bound":202363311.2,"upper_bound":204598268.7},"point_estimate":203024071.3,"standard_error":637028.0139139167},"median_abs_dev":{"confidence_interval":{"confidence_level":0.95,"lower_bound":2660283.0994105428,"upper_bound":5483730.773724313},"point_estimate":3818584.1956865746,"standard_error":794106.5181495453},"slope":null,"std_dev":{"confidence_interval":{"confidence_level":0.95,"lower_bound":4118448.5800844636,"upper_bound":5748431.232652774},"point_estimate":4956851.41432932,"standard_error":416156.89170012705}}