{"mean":{"confidence_interval":{"confidence_level":0.95,"lower_bound":-0.25407430212820614,"upper_bound":-0.16247774253093306},"point_estimate":-0.20655288842162,"standard_error":0.02353892869522442},"median":{"confidence_interval":{"confidence_level":0.95,"lower_bound":-0.15335266408915504,"upper_bound":-0.12405867352320332},"point_estimate":-0.13478126303861637,"standard_error":0.007286418029053731}}