{"mean":{"confidence_interval":{"confidence_level":0.95,"lower_bound":-0.7845804686840294,"upper_bound":-0.781983129571627},"point_estimate":-0.7833095940405931,"standard_error":0.0006688522176344361},"median":{"confidence_interval":{"confidence_level":0.95,"lower_bound":-0.7839820371814623,"upper_bound":-0.781922612273399},"point_estimate":-0.7829357612904104,"standard_error":0.0005154761154966366}}