{"mean":{"confidence_interval":{"confidence_level":0.95,"lower_bound":4454637.755793577,"upper_bound":4534755.556307339},"point_estimate":4490970.526376147,"standard_error":20518.63287413163},"median":{"confidence_interval":{"confidence_level":0.95,"lower_bound":4415221.587155963,"upper_bound":4442890.7591743115},"point_estimate":4430823.970183486,"standard_error":6892.149795653789},"median_abs_dev":{"confidence_interval":{"confidence_level":0.95,"lower_bound":43553.9279712583,"upper_bound":92577.62630733641},"point_estimate":63929.931894833535,"standard_error":12253.973433605724},"slope":null,"std_dev":{"confidence_interval":{"confidence_level":0.95,"lower_bound":103897.10159126623,"upper_bound":288939.2564035598},"point_estimate":206060.30119890402,"standard_error":47050.13121000024}}