{"mean":{"confidence_interval":{"confidence_level":0.95,"lower_bound":8636437.99683991,"upper_bound":8698831.080767538},"point_estimate":8666656.928157894,"standard_error":15950.783977249679},"median":{"confidence_interval":{"confidence_level":0.95,"lower_bound":8600270.97368421,"upper_bound":8655002.69736842},"point_estimate":8621144.149122806,"standard_error":13078.433314345993},"median_abs_dev":{"confidence_interval":{"confidence_level":0.95,"lower_bound":68795.05125495813,"upper_bound":133633.7974854207},"point_estimate":95743.69224231617,"standard_error":16788.196769894905},"slope":null,"std_dev":{"confidence_interval":{"confidence_level":0.95,"lower_bound":128975.35023202891,"upper_bound":185474.94629438763},"point_estimate":159393.1386556247,"standard_error":14436.095408416204}}