{"mean":{"confidence_interval":{"confidence_level":0.95,"lower_bound":668231027.37775,"upper_bound":674987529.416375},"point_estimate":671525746.615,"standard_error":1724772.258712287},"median":{"confidence_interval":{"confidence_level":0.95,"lower_bound":663295295.5,"upper_bound":672531894.5},"point_estimate":668127681.75,"standard_error":2167333.241242731},"median_abs_dev":{"confidence_interval":{"confidence_level":0.95,"lower_bound":11917311.681975424,"upper_bound":20244471.945288777},"point_estimate":16339600.875914097,"standard_error":2236765.7073682044},"slope":null,"std_dev":{"confidence_interval":{"confidence_level":0.95,"lower_bound":14294241.995899279,"upper_bound":20469100.529501695},"point_estimate":17403214.362905096,"standard_error":1583625.4735690958}}