{"mean":{"confidence_interval":{"confidence_level":0.95,"lower_bound":-0.7758470384908689,"upper_bound":-0.7667694634145137},"point_estimate":-0.7720367914006573,"standard_error":0.0024392555621391095},"median":{"confidence_interval":{"confidence_level":0.95,"lower_bound":-0.7800019067412092,"upper_bound":-0.7776746722397542},"point_estimate":-0.7794150241601363,"standard_error":0.0005254463896840415}}